{"mean": [100.62040510127532, 8.021755438859715, 179.48162040510127, 100.31020255063765, 200.38615903975995, 100.02363090772693, 201.16894223555886, 100.10615153788447, 10.23702175543886, 4.467366841710428, 1.5626406601650413], "scale": [39.55655285732596, 13.60972383867307, 54.20018228488602, 19.98441311687411, 50.94195842336369, 20.157663544411523, 50.7707987839339, 19.414816338080627, 2.7878255819088835, 2.4557342081007083, 1.3109898177456312], "n_features": 11}